"filename", "language", "JSON", "Markdown", "PowerShell", "YAML", "Shell Script", "CMake", "C++", "JavaScript", "Dart", "Batch", "HTML", "Swift", "XML", "Properties", "comment", "blank", "total"
"c:\Desktop\plink\flutter 11\.claude\settings.local.json", "JSON", 10, 0, 0, 0, 0, 0, 0, 0, 0, 0, 0, 0, 0, 0, 0, 0, 10
"c:\Desktop\plink\flutter 11\ACTION_ITEMS.md", "Markdown", 0, 227, 0, 0, 0, 0, 0, 0, 0, 0, 0, 0, 0, 0, 0, 79, 306
"c:\Desktop\plink\flutter 11\CLAUDE.md", "Markdown", 0, 269, 0, 0, 0, 0, 0, 0, 0, 0, 0, 0, 0, 0, 0, 67, 336
"c:\Desktop\plink\flutter 11\CREATE_FIRESTORE_INDEXES.md", "Markdown", 0, 193, 0, 0, 0, 0, 0, 0, 0, 0, 0, 0, 0, 0, 0, 73, 266
"c:\Desktop\plink\flutter 11\DATABASE_CLEANUP_FIX.md", "Markdown", 0, 138, 0, 0, 0, 0, 0, 0, 0, 0, 0, 0, 0, 0, 0, 42, 180
"c:\Desktop\plink\flutter 11\DATA_STORAGE_FIX_SUMMARY.md", "Markdown", 0, 315, 0, 0, 0, 0, 0, 0, 0, 0, 0, 0, 0, 0, 0, 86, 401
"c:\Desktop\plink\flutter 11\EDIT_PROFILE_UI_IMPROVEMENTS_COMPLETE.md", "Markdown", 0, 494, 0, 0, 0, 0, 0, 0, 0, 0, 0, 0, 0, 0, 0, 114, 608
"c:\Desktop\plink\flutter 11\FIRESTORE_INDEXES.md", "Markdown", 0, 61, 0, 0, 0, 0, 0, 0, 0, 0, 0, 0, 0, 0, 0, 12, 73
"c:\Desktop\plink\flutter 11\FIRESTORE_INDEX_SETUP.md", "Markdown", 0, 54, 0, 0, 0, 0, 0, 0, 0, 0, 0, 0, 0, 0, 0, 11, 65
"c:\Desktop\plink\flutter 11\FIRESTORE_INDEX_SETUP_CONNECTION_REQUESTS.md", "Markdown", 0, 190, 0, 0, 0, 0, 0, 0, 0, 0, 0, 0, 0, 0, 0, 80, 270
"c:\Desktop\plink\flutter 11\HYBRID_MESSAGING_COMPLETE.md", "Markdown", 0, 295, 0, 0, 0, 0, 0, 0, 0, 0, 0, 0, 0, 0, 0, 93, 388
"c:\Desktop\plink\flutter 11\HYBRID_MESSAGING_IMPLEMENTATION.md", "Markdown", 0, 395, 0, 0, 0, 0, 0, 0, 0, 0, 0, 0, 0, 0, 0, 86, 481
"c:\Desktop\plink\flutter 11\IMPLEMENTATION_COMPLETE.md", "Markdown", 0, 351, 0, 0, 0, 0, 0, 0, 0, 0, 0, 0, 0, 0, 0, 110, 461
"c:\Desktop\plink\flutter 11\LIVE_CONNECT_DOCUMENTATION.md", "Markdown", 0, 595, 0, 0, 0, 0, 0, 0, 0, 0, 0, 0, 0, 0, 0, 131, 726
"c:\Desktop\plink\flutter 11\LOCATION_FIX_COMPLETE.md", "Markdown", 0, 206, 0, 0, 0, 0, 0, 0, 0, 0, 0, 0, 0, 0, 0, 65, 271
"c:\Desktop\plink\flutter 11\MATCHING_LOGIC_FIX_SUMMARY.md", "Markdown", 0, 443, 0, 0, 0, 0, 0, 0, 0, 0, 0, 0, 0, 0, 0, 127, 570
"c:\Desktop\plink\flutter 11\MESSAGING_STORAGE_STRATEGY.md", "Markdown", 0, 549, 0, 0, 0, 0, 0, 0, 0, 0, 0, 0, 0, 0, 0, 115, 664
"c:\Desktop\plink\flutter 11\PERFORMANCE_TESTING_GUIDE.md", "Markdown", 0, 244, 0, 0, 0, 0, 0, 0, 0, 0, 0, 0, 0, 0, 0, 58, 302
"c:\Desktop\plink\flutter 11\QUICK_START.md", "Markdown", 0, 191, 0, 0, 0, 0, 0, 0, 0, 0, 0, 0, 0, 0, 0, 47, 238
"c:\Desktop\plink\flutter 11\QUICK_START_GUIDE.md", "Markdown", 0, 273, 0, 0, 0, 0, 0, 0, 0, 0, 0, 0, 0, 0, 0, 76, 349
"c:\Desktop\plink\flutter 11\README.md", "Markdown", 0, 10, 0, 0, 0, 0, 0, 0, 0, 0, 0, 0, 0, 0, 0, 7, 17
"c:\Desktop\plink\flutter 11\REFRESH_FUNCTIONALITY_ADDED.md", "Markdown", 0, 272, 0, 0, 0, 0, 0, 0, 0, 0, 0, 0, 0, 0, 0, 93, 365
"c:\Desktop\plink\flutter 11\SMART_MATCHING_EXPLAINED.md", "Markdown", 0, 98, 0, 0, 0, 0, 0, 0, 0, 0, 0, 0, 0, 0, 0, 25, 123
"c:\Desktop\plink\flutter 11\UX_IMPROVEMENTS_GLOBAL_LAUNCH.md", "Markdown", 0, 290, 0, 0, 0, 0, 0, 0, 0, 0, 0, 0, 0, 0, 0, 87, 377
"c:\Desktop\plink\flutter 11\VERIFICATION_REPORT.md", "Markdown", 0, 225, 0, 0, 0, 0, 0, 0, 0, 0, 0, 0, 0, 0, 0, 71, 296
"c:\Desktop\plink\flutter 11\VERSION.md", "Markdown", 0, 100, 0, 0, 0, 0, 0, 0, 0, 0, 0, 0, 0, 0, 0, 26, 126
"c:\Desktop\plink\flutter 11\WHATSAPP_IMPROVEMENTS_ANALYSIS.md", "Markdown", 0, 593, 0, 0, 0, 0, 0, 0, 0, 0, 0, 0, 0, 0, 0, 151, 744
"c:\Desktop\plink\flutter 11\WORKING_FEATURES.md", "Markdown", 0, 347, 0, 0, 0, 0, 0, 0, 0, 0, 0, 0, 0, 0, 0, 87, 434
"c:\Desktop\plink\flutter 11\analysis_options.yaml", "YAML", 0, 0, 0, 3, 0, 0, 0, 0, 0, 0, 0, 0, 0, 0, 22, 4, 29
"c:\Desktop\plink\flutter 11\android\app\google-services.json", "JSON", 56, 0, 0, 0, 0, 0, 0, 0, 0, 0, 0, 0, 0, 0, 0, 0, 56
"c:\Desktop\plink\flutter 11\android\app\src\debug\AndroidManifest.xml", "XML", 0, 0, 0, 0, 0, 0, 0, 0, 0, 0, 0, 0, 3, 0, 4, 1, 8
"c:\Desktop\plink\flutter 11\android\app\src\main\AndroidManifest.xml", "XML", 0, 0, 0, 0, 0, 0, 0, 0, 0, 0, 0, 0, 67, 0, 24, 10, 101
"c:\Desktop\plink\flutter 11\android\app\src\main\res\drawable-v21\launch_background.xml", "XML", 0, 0, 0, 0, 0, 0, 0, 0, 0, 0, 0, 0, 4, 0, 7, 2, 13
"c:\Desktop\plink\flutter 11\android\app\src\main\res\drawable\launch_background.xml", "XML", 0, 0, 0, 0, 0, 0, 0, 0, 0, 0, 0, 0, 4, 0, 7, 2, 13
"c:\Desktop\plink\flutter 11\android\app\src\main\res\values-night\colors.xml", "XML", 0, 0, 0, 0, 0, 0, 0, 0, 0, 0, 0, 0, 4, 0, 0, 1, 5
"c:\Desktop\plink\flutter 11\android\app\src\main\res\values-night\styles.xml", "XML", 0, 0, 0, 0, 0, 0, 0, 0, 0, 0, 0, 0, 12, 0, 7, 1, 20
"c:\Desktop\plink\flutter 11\android\app\src\main\res\values\colors.xml", "XML", 0, 0, 0, 0, 0, 0, 0, 0, 0, 0, 0, 0, 4, 0, 0, 1, 5
"c:\Desktop\plink\flutter 11\android\app\src\main\res\values\styles.xml", "XML", 0, 0, 0, 0, 0, 0, 0, 0, 0, 0, 0, 0, 12, 0, 7, 1, 20
"c:\Desktop\plink\flutter 11\android\app\src\profile\AndroidManifest.xml", "XML", 0, 0, 0, 0, 0, 0, 0, 0, 0, 0, 0, 0, 3, 0, 4, 1, 8
"c:\Desktop\plink\flutter 11\android\build\reports\problems\problems-report.html", "HTML", 0, 0, 0, 0, 0, 0, 0, 0, 0, 0, 548, 0, 0, 0, 2, 114, 664
"c:\Desktop\plink\flutter 11\android\gradle.properties", "Properties", 0, 0, 0, 0, 0, 0, 0, 0, 0, 0, 0, 0, 0, 7, 0, 1, 8
"c:\Desktop\plink\flutter 11\android\gradle\wrapper\gradle-wrapper.properties", "Properties", 0, 0, 0, 0, 0, 0, 0, 0, 0, 0, 0, 0, 0, 5, 0, 1, 6
"c:\Desktop\plink\flutter 11\assets\animation.json", "JSON", 1, 0, 0, 0, 0, 0, 0, 0, 0, 0, 0, 0, 0, 0, 0, 0, 1
"c:\Desktop\plink\flutter 11\cors.json", "JSON", 15, 0, 0, 0, 0, 0, 0, 0, 0, 0, 0, 0, 0, 0, 0, 0, 15
"c:\Desktop\plink\flutter 11\deploy_intent_indexes.sh", "Shell Script", 0, 0, 0, 0, 10, 0, 0, 0, 0, 0, 0, 0, 0, 0, 3, 3, 16
"c:\Desktop\plink\flutter 11\devtools_options.yaml", "YAML", 0, 0, 0, 3, 0, 0, 0, 0, 0, 0, 0, 0, 0, 0, 0, 1, 4
"c:\Desktop\plink\flutter 11\firebase.json", "JSON", 6, 0, 0, 0, 0, 0, 0, 0, 0, 0, 0, 0, 0, 0, 0, 0, 6
"c:\Desktop\plink\flutter 11\firebase_rules.md", "Markdown", 0, 75, 0, 0, 0, 0, 0, 0, 0, 0, 0, 0, 0, 0, 0, 16, 91
"c:\Desktop\plink\flutter 11\firestore.indexes.json", "JSON", 207, 0, 0, 0, 0, 0, 0, 0, 0, 0, 0, 0, 0, 0, 0, 1, 208
"c:\Desktop\plink\flutter 11\firestore_indexes.json", "JSON", 71, 0, 0, 0, 0, 0, 0, 0, 0, 0, 0, 0, 0, 0, 0, 1, 72
"c:\Desktop\plink\flutter 11\firestore_intents.indexes.json", "JSON", 101, 0, 0, 0, 0, 0, 0, 0, 0, 0, 0, 0, 0, 0, 0, 0, 101
"c:\Desktop\plink\flutter 11\fix_issues.ps1", "PowerShell", 0, 0, 9, 0, 0, 0, 0, 0, 0, 0, 0, 0, 0, 0, 1, 2, 12
"c:\Desktop\plink\flutter 11\fix_print.ps1", "PowerShell", 0, 0, 9, 0, 0, 0, 0, 0, 0, 0, 0, 0, 0, 0, 2, 2, 13
"c:\Desktop\plink\flutter 11\ios\RunnerTests\RunnerTests.swift", "Swift", 0, 0, 0, 0, 0, 0, 0, 0, 0, 0, 0, 7, 0, 0, 2, 4, 13
"c:\Desktop\plink\flutter 11\ios\Runner\AppDelegate.swift", "Swift", 0, 0, 0, 0, 0, 0, 0, 0, 0, 0, 0, 12, 0, 0, 0, 2, 14
"c:\Desktop\plink\flutter 11\ios\Runner\Assets.xcassets\AppIcon.appiconset\Contents.json", "JSON", 122, 0, 0, 0, 0, 0, 0, 0, 0, 0, 0, 0, 0, 0, 0, 1, 123
"c:\Desktop\plink\flutter 11\ios\Runner\Assets.xcassets\LaunchImage.imageset\Contents.json", "JSON", 23, 0, 0, 0, 0, 0, 0, 0, 0, 0, 0, 0, 0, 0, 0, 1, 24
"c:\Desktop\plink\flutter 11\ios\Runner\Assets.xcassets\LaunchImage.imageset\README.md", "Markdown", 0, 3, 0, 0, 0, 0, 0, 0, 0, 0, 0, 0, 0, 0, 0, 2, 5
"c:\Desktop\plink\flutter 11\ios\Runner\Base.lproj\LaunchScreen.storyboard", "XML", 0, 0, 0, 0, 0, 0, 0, 0, 0, 0, 0, 0, 36, 0, 1, 1, 38
"c:\Desktop\plink\flutter 11\ios\Runner\Base.lproj\Main.storyboard", "XML", 0, 0, 0, 0, 0, 0, 0, 0, 0, 0, 0, 0, 25, 0, 1, 1, 27
"c:\Desktop\plink\flutter 11\ios\Runner\Runner-Bridging-Header.h", "C++", 0, 0, 0, 0, 0, 0, 1, 0, 0, 0, 0, 0, 0, 0, 0, 1, 2
"c:\Desktop\plink\flutter 11\lib\config\api_config.dart", "Dart", 0, 0, 0, 0, 0, 0, 0, 0, 34, 0, 0, 0, 0, 0, 12, 11, 57
"c:\Desktop\plink\flutter 11\lib\database\message_database.dart", "Dart", 0, 0, 0, 0, 0, 0, 0, 0, 318, 0, 0, 0, 0, 0, 44, 45, 407
"c:\Desktop\plink\flutter 11\lib\firebase_options.dart", "Dart", 0, 0, 0, 0, 0, 0, 0, 0, 74, 0, 0, 0, 0, 0, 5, 8, 87
"c:\Desktop\plink\flutter 11\lib\fix_platform_view_registry.dart", "Dart", 0, 0, 0, 0, 0, 0, 0, 0, 2, 0, 0, 0, 0, 0, 4, 2, 8
"c:\Desktop\plink\flutter 11\lib\main.dart", "Dart", 0, 0, 0, 0, 0, 0, 0, 0, 330, 0, 0, 0, 0, 0, 22, 56, 408
"c:\Desktop\plink\flutter 11\lib\main_web.dart", "Dart", 0, 0, 0, 0, 0, 0, 0, 0, 40, 0, 0, 0, 0, 0, 0, 7, 47
"c:\Desktop\plink\flutter 11\lib\models\business_model.dart", "Dart", 0, 0, 0, 0, 0, 0, 0, 0, 593, 0, 0, 0, 0, 0, 16, 52, 661
"c:\Desktop\plink\flutter 11\lib\models\conversation_model.dart", "Dart", 0, 0, 0, 0, 0, 0, 0, 0, 179, 0, 0, 0, 0, 0, 1, 14, 194
"c:\Desktop\plink\flutter 11\lib\models\extended_user_profile.dart", "Dart", 0, 0, 0, 0, 0, 0, 0, 0, 184, 0, 0, 0, 0, 0, 15, 22, 221
"c:\Desktop\plink\flutter 11\lib\models\inquiry_model.dart", "Dart", 0, 0, 0, 0, 0, 0, 0, 0, 331, 0, 0, 0, 0, 0, 18, 27, 376
"c:\Desktop\plink\flutter 11\lib\models\live_connect_filter.dart", "Dart", 0, 0, 0, 0, 0, 0, 0, 0, 61, 0, 0, 0, 0, 0, 6, 11, 78
"c:\Desktop\plink\flutter 11\lib\models\message_model.dart", "Dart", 0, 0, 0, 0, 0, 0, 0, 0, 140, 0, 0, 0, 0, 0, 0, 8, 148
"c:\Desktop\plink\flutter 11\lib\models\portfolio_item_model.dart", "Dart", 0, 0, 0, 0, 0, 0, 0, 0, 248, 0, 0, 0, 0, 0, 11, 14, 273
"c:\Desktop\plink\flutter 11\lib\models\post_model.dart", "Dart", 0, 0, 0, 0, 0, 0, 0, 0, 236, 0, 0, 0, 0, 0, 21, 22, 279
"c:\Desktop\plink\flutter 11\lib\models\review_model.dart", "Dart", 0, 0, 0, 0, 0, 0, 0, 0, 201, 0, 0, 0, 0, 0, 13, 21, 235
"c:\Desktop\plink\flutter 11\lib\models\service_model.dart", "Dart", 0, 0, 0, 0, 0, 0, 0, 0, 270, 0, 0, 0, 0, 0, 9, 20, 299
"c:\Desktop\plink\flutter 11\lib\models\user_profile.dart", "Dart", 0, 0, 0, 0, 0, 0, 0, 0, 420, 0, 0, 0, 0, 0, 13, 30, 463
"c:\Desktop\plink\flutter 11\lib\platform_view_registry_fix.dart", "Dart", 0, 0, 0, 0, 0, 0, 0, 0, 4, 0, 0, 0, 0, 0, 4, 3, 11
"c:\Desktop\plink\flutter 11\lib\providers\app_providers.dart", "Dart", 0, 0, 0, 0, 0, 0, 0, 0, 84, 0, 0, 0, 0, 0, 27, 18, 129
"c:\Desktop\plink\flutter 11\lib\providers\connection_providers.dart", "Dart", 0, 0, 0, 0, 0, 0, 0, 0, 183, 0, 0, 0, 0, 0, 27, 39, 249
"c:\Desktop\plink\flutter 11\lib\providers\conversation_providers.dart", "Dart", 0, 0, 0, 0, 0, 0, 0, 0, 201, 0, 0, 0, 0, 0, 37, 49, 287
"c:\Desktop\plink\flutter 11\lib\providers\discovery_providers.dart", "Dart", 0, 0, 0, 0, 0, 0, 0, 0, 285, 0, 0, 0, 0, 0, 52, 64, 401
"c:\Desktop\plink\flutter 11\lib\providers\live_connect_providers.dart", "Dart", 0, 0, 0, 0, 0, 0, 0, 0, 301, 0, 0, 0, 0, 0, 35, 60, 396
"c:\Desktop\plink\flutter 11\lib\providers\pagination_provider.dart", "Dart", 0, 0, 0, 0, 0, 0, 0, 0, 228, 0, 0, 0, 0, 0, 42, 46, 316
"c:\Desktop\plink\flutter 11\lib\providers\service_providers.dart", "Dart", 0, 0, 0, 0, 0, 0, 0, 0, 62, 0, 0, 0, 0, 0, 40, 26, 128
"c:\Desktop\plink\flutter 11\lib\providers\theme_provider.dart", "Dart", 0, 0, 0, 0, 0, 0, 0, 0, 440, 0, 0, 0, 0, 0, 9, 21, 470
"c:\Desktop\plink\flutter 11\lib\providers\user_provider.dart", "Dart", 0, 0, 0, 0, 0, 0, 0, 0, 247, 0, 0, 0, 0, 0, 31, 53, 331
"c:\Desktop\plink\flutter 11\lib\screens\business\business_dashboard_screen.dart", "Dart", 0, 0, 0, 0, 0, 0, 0, 0, 1948, 0, 0, 0, 0, 0, 41, 88, 2077
"c:\Desktop\plink\flutter 11\lib\screens\business\business_setup_screen.dart", "Dart", 0, 0, 0, 0, 0, 0, 0, 0, 1007, 0, 0, 0, 0, 0, 26, 92, 1125
"c:\Desktop\plink\flutter 11\lib\screens\connection_requests_screen.dart", "Dart", 0, 0, 0, 0, 0, 0, 0, 0, 315, 0, 0, 0, 0, 0, 4, 15, 334
"c:\Desktop\plink\flutter 11\lib\screens\conversations_screen.dart", "Dart", 0, 0, 0, 0, 0, 0, 0, 0, 1157, 0, 0, 0, 0, 0, 22, 78, 1257
"c:\Desktop\plink\flutter 11\lib\screens\create_group_screen.dart", "Dart", 0, 0, 0, 0, 0, 0, 0, 0, 366, 0, 0, 0, 0, 0, 5, 26, 397
"c:\Desktop\plink\flutter 11\lib\screens\enhanced_chat_screen.dart", "Dart", 0, 0, 0, 0, 0, 0, 0, 0, 3041, 0, 0, 0, 0, 0, 100, 243, 3384
"c:\Desktop\plink\flutter 11\lib\screens\group_chat_screen.dart", "Dart", 0, 0, 0, 0, 0, 0, 0, 0, 2444, 0, 0, 0, 0, 0, 51, 127, 2622
"c:\Desktop\plink\flutter 11\lib\screens\home\conversations_screen.dart", "Dart", 0, 0, 0, 0, 0, 0, 0, 0, 1156, 0, 0, 0, 0, 0, 30, 79, 1265
"c:\Desktop\plink\flutter 11\lib\screens\home\home_screen.dart", "Dart", 0, 0, 0, 0, 0, 0, 0, 0, 5189, 0, 0, 0, 0, 0, 157, 197, 5543
"c:\Desktop\plink\flutter 11\lib\screens\home\live_connect_tab_screen.dart", "Dart", 0, 0, 0, 0, 0, 0, 0, 0, 3340, 0, 0, 0, 0, 0, 155, 174, 3669
"c:\Desktop\plink\flutter 11\lib\screens\home\main_navigation_screen.dart", "Dart", 0, 0, 0, 0, 0, 0, 0, 0, 547, 0, 0, 0, 0, 0, 41, 65, 653
"c:\Desktop\plink\flutter 11\lib\screens\home\messageser_screen.dart", "Dart", 0, 0, 0, 0, 0, 0, 0, 0, 634, 0, 0, 0, 0, 0, 6, 30, 670
"c:\Desktop\plink\flutter 11\lib\screens\home\messenger_chat_screen.dart", "Dart", 0, 0, 0, 0, 0, 0, 0, 0, 1188, 0, 0, 0, 0, 0, 40, 95, 1323
"c:\Desktop\plink\flutter 11\lib\screens\home\product_detail_screen.dart", "Dart", 0, 0, 0, 0, 0, 0, 0, 0, 938, 0, 0, 0, 0, 0, 14, 47, 999
"c:\Desktop\plink\flutter 11\lib\screens\home\profile_with_history_screen.dart", "Dart", 0, 0, 0, 0, 0, 0, 0, 0, 2171, 0, 0, 0, 0, 0, 100, 126, 2397
"c:\Desktop\plink\flutter 11\lib\screens\live_connect_tab_screen.dart", "Dart", 0, 0, 0, 0, 0, 0, 0, 0, 2937, 0, 0, 0, 0, 0, 151, 174, 3262
"c:\Desktop\plink\flutter 11\lib\screens\location\location_settings_screen.dart", "Dart", 0, 0, 0, 0, 0, 0, 0, 0, 338, 0, 0, 0, 0, 0, 11, 29, 378
"c:\Desktop\plink\flutter 11\lib\screens\login\change_password_screen.dart", "Dart", 0, 0, 0, 0, 0, 0, 0, 0, 314, 0, 0, 0, 0, 0, 9, 24, 347
"c:\Desktop\plink\flutter 11\lib\screens\login\choose_account_type_screen.dart", "Dart", 0, 0, 0, 0, 0, 0, 0, 0, 364, 0, 0, 0, 0, 0, 10, 19, 393
"c:\Desktop\plink\flutter 11\lib\screens\login\forgot_password_screen.dart", "Dart", 0, 0, 0, 0, 0, 0, 0, 0, 1332, 0, 0, 0, 0, 0, 27, 63, 1422
"c:\Desktop\plink\flutter 11\lib\screens\login\login_screen.dart", "Dart", 0, 0, 0, 0, 0, 0, 0, 0, 1566, 0, 0, 0, 0, 0, 60, 93, 1719
"c:\Desktop\plink\flutter 11\lib\screens\login\onboarding_screen.dart", "Dart", 0, 0, 0, 0, 0, 0, 0, 0, 535, 0, 0, 0, 0, 0, 18, 40, 593
"c:\Desktop\plink\flutter 11\lib\screens\login\profile_setup_screen.dart", "Dart", 0, 0, 0, 0, 0, 0, 0, 0, 694, 0, 0, 0, 0, 0, 20, 54, 768
"c:\Desktop\plink\flutter 11\lib\screens\login\splash_screen.dart", "Dart", 0, 0, 0, 0, 0, 0, 0, 0, 276, 0, 0, 0, 0, 0, 16, 28, 320
"c:\Desktop\plink\flutter 11\lib\screens\main_navigation_screen.dart", "Dart", 0, 0, 0, 0, 0, 0, 0, 0, 360, 0, 0, 0, 0, 0, 16, 46, 422
"c:\Desktop\plink\flutter 11\lib\screens\my_connections_screen.dart", "Dart", 0, 0, 0, 0, 0, 0, 0, 0, 667, 0, 0, 0, 0, 0, 10, 45, 722
"c:\Desktop\plink\flutter 11\lib\screens\performance_debug_screen.dart", "Dart", 0, 0, 0, 0, 0, 0, 0, 0, 516, 0, 0, 0, 0, 0, 7, 35, 558
"c:\Desktop\plink\flutter 11\lib\screens\professional\inquiries_screen.dart", "Dart", 0, 0, 0, 0, 0, 0, 0, 0, 1151, 0, 0, 0, 0, 0, 24, 83, 1258
"c:\Desktop\plink\flutter 11\lib\screens\professional\portfolio_detail_screen.dart", "Dart", 0, 0, 0, 0, 0, 0, 0, 0, 559, 0, 0, 0, 0, 0, 12, 26, 597
"c:\Desktop\plink\flutter 11\lib\screens\professional\professional_dashboard_screen.dart", "Dart", 0, 0, 0, 0, 0, 0, 0, 0, 921, 0, 0, 0, 0, 0, 16, 49, 986
"c:\Desktop\plink\flutter 11\lib\screens\professional\professional_setup_screen.dart", "Dart", 0, 0, 0, 0, 0, 0, 0, 0, 781, 0, 0, 0, 0, 0, 18, 69, 868
"c:\Desktop\plink\flutter 11\lib\screens\professional\public_professional_profile_screen.dart", "Dart", 0, 0, 0, 0, 0, 0, 0, 0, 969, 0, 0, 0, 0, 0, 29, 62, 1060
"c:\Desktop\plink\flutter 11\lib\screens\professional\service_detail_screen.dart", "Dart", 0, 0, 0, 0, 0, 0, 0, 0, 966, 0, 0, 0, 0, 0, 32, 64, 1062
"c:\Desktop\plink\flutter 11\lib\screens\profile\privacy_policy_screen.dart", "Dart", 0, 0, 0, 0, 0, 0, 0, 0, 115, 0, 0, 0, 0, 0, 0, 4, 119
"c:\Desktop\plink\flutter 11\lib\screens\profile\profile_edit_screen.dart", "Dart", 0, 0, 0, 0, 0, 0, 0, 0, 723, 0, 0, 0, 0, 0, 32, 55, 810
"c:\Desktop\plink\flutter 11\lib\screens\profile\profile_view_screen.dart", "Dart", 0, 0, 0, 0, 0, 0, 0, 0, 561, 0, 0, 0, 0, 0, 16, 26, 603
"c:\Desktop\plink\flutter 11\lib\screens\profile\profile_with_history_screen.dart", "Dart", 0, 0, 0, 0, 0, 0, 0, 0, 2168, 0, 0, 0, 0, 0, 90, 121, 2379
"c:\Desktop\plink\flutter 11\lib\screens\profile\settings_screen.dart", "Dart", 0, 0, 0, 0, 0, 0, 0, 0, 1386, 0, 0, 0, 0, 0, 36, 62, 1484
"c:\Desktop\plink\flutter 11\lib\screens\profile\terms_of_service_screen.dart", "Dart", 0, 0, 0, 0, 0, 0, 0, 0, 95, 0, 0, 0, 0, 0, 0, 4, 99
"c:\Desktop\plink\flutter 11\lib\screens\theme_settings_screen.dart", "Dart", 0, 0, 0, 0, 0, 0, 0, 0, 382, 0, 0, 0, 0, 0, 8, 30, 420
"c:\Desktop\plink\flutter 11\lib\screens\video_player_screen.dart", "Dart", 0, 0, 0, 0, 0, 0, 0, 0, 58, 0, 0, 0, 0, 0, 0, 9, 67
"c:\Desktop\plink\flutter 11\lib\screens\voice_assistant_screen.dart", "Dart", 0, 0, 0, 0, 0, 0, 0, 0, 294, 0, 0, 0, 0, 0, 17, 40, 351
"c:\Desktop\plink\flutter 11\lib\services\MIGRATION_GUIDE.md", "Markdown", 0, 344, 0, 0, 0, 0, 0, 0, 0, 0, 0, 0, 0, 0, 0, 85, 429
"c:\Desktop\plink\flutter 11\lib\services\account_type_service.dart", "Dart", 0, 0, 0, 0, 0, 0, 0, 0, 249, 0, 0, 0, 0, 0, 20, 41, 310
"c:\Desktop\plink\flutter 11\lib\services\activity_migration_service.dart", "Dart", 0, 0, 0, 0, 0, 0, 0, 0, 131, 0, 0, 0, 0, 0, 8, 23, 162
"c:\Desktop\plink\flutter 11\lib\services\analytics_service.dart", "Dart", 0, 0, 0, 0, 0, 0, 0, 0, 215, 0, 0, 0, 0, 0, 18, 19, 252
"c:\Desktop\plink\flutter 11\lib\services\auth_service.dart", "Dart", 0, 0, 0, 0, 0, 0, 0, 0, 560, 0, 0, 0, 0, 0, 45, 61, 666
"c:\Desktop\plink\flutter 11\lib\services\block_report_service.dart", "Dart", 0, 0, 0, 0, 0, 0, 0, 0, 215, 0, 0, 0, 0, 0, 22, 37, 274
"c:\Desktop\plink\flutter 11\lib\services\business_service.dart", "Dart", 0, 0, 0, 0, 0, 0, 0, 0, 441, 0, 0, 0, 0, 0, 61, 87, 589
"c:\Desktop\plink\flutter 11\lib\services\cache_service.dart", "Dart", 0, 0, 0, 0, 0, 0, 0, 0, 251, 0, 0, 0, 0, 0, 47, 51, 349
"c:\Desktop\plink\flutter 11\lib\services\chat_service.dart", "Dart", 0, 0, 0, 0, 0, 0, 0, 0, 142, 0, 0, 0, 0, 0, 105, 42, 289
"c:\Desktop\plink\flutter 11\lib\services\connection_service.dart", "Dart", 0, 0, 0, 0, 0, 0, 0, 0, 309, 0, 0, 0, 0, 0, 41, 67, 417
"c:\Desktop\plink\flutter 11\lib\services\connectivity_service.dart", "Dart", 0, 0, 0, 0, 0, 0, 0, 0, 102, 0, 0, 0, 0, 0, 1, 13, 116
"c:\Desktop\plink\flutter 11\lib\services\conversation_migration_service.dart", "Dart", 0, 0, 0, 0, 0, 0, 0, 0, 158, 0, 0, 0, 0, 0, 29, 33, 220
"c:\Desktop\plink\flutter 11\lib\services\conversation_service.dart", "Dart", 0, 0, 0, 0, 0, 0, 0, 0, 438, 0, 0, 0, 0, 0, 89, 89, 616
"c:\Desktop\plink\flutter 11\lib\services\database_cleanup_service.dart", "Dart", 0, 0, 0, 0, 0, 0, 0, 0, 157, 0, 0, 0, 0, 0, 33, 37, 227
"c:\Desktop\plink\flutter 11\lib\services\embedding_cache_service.dart", "Dart", 0, 0, 0, 0, 0, 0, 0, 0, 168, 0, 0, 0, 0, 0, 4, 32, 204
"c:\Desktop\plink\flutter 11\lib\services\error_handler.dart", "Dart", 0, 0, 0, 0, 0, 0, 0, 0, 289, 0, 0, 0, 0, 0, 23, 46, 358
"c:\Desktop\plink\flutter 11\lib\services\error_tracking_service.dart", "Dart", 0, 0, 0, 0, 0, 0, 0, 0, 178, 0, 0, 0, 0, 0, 23, 28, 229
"c:\Desktop\plink\flutter 11\lib\services\firebase_storage_service.dart", "Dart", 0, 0, 0, 0, 0, 0, 0, 0, 111, 0, 0, 0, 0, 0, 10, 27, 148
"c:\Desktop\plink\flutter 11\lib\services\gemini_service.dart", "Dart", 0, 0, 0, 0, 0, 0, 0, 0, 118, 0, 0, 0, 0, 0, 3, 24, 145
"c:\Desktop\plink\flutter 11\lib\services\geocoding_service.dart", "Dart", 0, 0, 0, 0, 0, 0, 0, 0, 331, 0, 0, 0, 0, 0, 41, 60, 432
"c:\Desktop\plink\flutter 11\lib\services\group_chat_service.dart", "Dart", 0, 0, 0, 0, 0, 0, 0, 0, 637, 0, 0, 0, 0, 0, 59, 131, 827
"c:\Desktop\plink\flutter 11\lib\services\hybrid_chat_service.dart", "Dart", 0, 0, 0, 0, 0, 0, 0, 0, 426, 0, 0, 0, 0, 0, 88, 85, 599
"c:\Desktop\plink\flutter 11\lib\services\inquiry_service.dart", "Dart", 0, 0, 0, 0, 0, 0, 0, 0, 314, 0, 0, 0, 0, 0, 32, 69, 415
"c:\Desktop\plink\flutter 11\lib\services\intent_clarification_service.dart", "Dart", 0, 0, 0, 0, 0, 0, 0, 0, 216, 0, 0, 0, 0, 0, 9, 25, 250
"c:\Desktop\plink\flutter 11\lib\services\location_service.dart", "Dart", 0, 0, 0, 0, 0, 0, 0, 0, 622, 0, 0, 0, 0, 0, 97, 105, 824
"c:\Desktop\plink\flutter 11\lib\services\migration_service.dart", "Dart", 0, 0, 0, 0, 0, 0, 0, 0, 184, 0, 0, 0, 0, 0, 26, 40, 250
"c:\Desktop\plink\flutter 11\lib\services\notification_service.dart", "Dart", 0, 0, 0, 0, 0, 0, 0, 0, 274, 0, 0, 0, 0, 0, 78, 51, 403
"c:\Desktop\plink\flutter 11\lib\services\optimized_firestore_service.dart", "Dart", 0, 0, 0, 0, 0, 0, 0, 0, 256, 0, 0, 0, 0, 0, 27, 46, 329
"c:\Desktop\plink\flutter 11\lib\services\photo_cache_service.dart", "Dart", 0, 0, 0, 0, 0, 0, 0, 0, 82, 0, 0, 0, 0, 0, 12, 25, 119
"c:\Desktop\plink\flutter 11\lib\services\presence_service.dart", "Dart", 0, 0, 0, 0, 0, 0, 0, 0, 113, 0, 0, 0, 0, 0, 17, 28, 158
"c:\Desktop\plink\flutter 11\lib\services\professional_service.dart", "Dart", 0, 0, 0, 0, 0, 0, 0, 0, 398, 0, 0, 0, 0, 0, 54, 79, 531
"c:\Desktop\plink\flutter 11\lib\services\profile_service.dart", "Dart", 0, 0, 0, 0, 0, 0, 0, 0, 132, 0, 0, 0, 0, 0, 13, 22, 167
"c:\Desktop\plink\flutter 11\lib\services\realtime_matching_service.dart", "Dart", 0, 0, 0, 0, 0, 0, 0, 0, 280, 0, 0, 0, 0, 0, 30, 50, 360
"c:\Desktop\plink\flutter 11\lib\services\review_service.dart", "Dart", 0, 0, 0, 0, 0, 0, 0, 0, 276, 0, 0, 0, 0, 0, 35, 63, 374
"c:\Desktop\plink\flutter 11\lib\services\safe_firestore_service.dart", "Dart", 0, 0, 0, 0, 0, 0, 0, 0, 102, 0, 0, 0, 0, 0, 0, 12, 114
"c:\Desktop\plink\flutter 11\lib\services\safe_network_service.dart", "Dart", 0, 0, 0, 0, 0, 0, 0, 0, 68, 0, 0, 0, 0, 0, 11, 19, 98
"c:\Desktop\plink\flutter 11\lib\services\smart_prompt_parser.dart", "Dart", 0, 0, 0, 0, 0, 0, 0, 0, 182, 0, 0, 0, 0, 0, 18, 27, 227
"c:\Desktop\plink\flutter 11\lib\services\unified_intent_processor.dart", "Dart", 0, 0, 0, 0, 0, 0, 0, 0, 279, 0, 0, 0, 0, 0, 19, 35, 333
"c:\Desktop\plink\flutter 11\lib\services\unified_matching_service.dart", "Dart", 0, 0, 0, 0, 0, 0, 0, 0, 658, 0, 0, 0, 0, 0, 66, 124, 848
"c:\Desktop\plink\flutter 11\lib\services\unified_post_service.dart", "Dart", 0, 0, 0, 0, 0, 0, 0, 0, 390, 0, 0, 0, 0, 0, 44, 58, 492
"c:\Desktop\plink\flutter 11\lib\services\universal_intent_service.dart", "Dart", 0, 0, 0, 0, 0, 0, 0, 0, 441, 0, 0, 0, 0, 0, 57, 86, 584
"c:\Desktop\plink\flutter 11\lib\services\user_manager.dart", "Dart", 0, 0, 0, 0, 0, 0, 0, 0, 166, 0, 0, 0, 0, 0, 25, 35, 226
"c:\Desktop\plink\flutter 11\lib\services\user_migration_service.dart", "Dart", 0, 0, 0, 0, 0, 0, 0, 0, 144, 0, 0, 0, 0, 0, 22, 32, 198
"c:\Desktop\plink\flutter 11\lib\services\vector_service.dart", "Dart", 0, 0, 0, 0, 0, 0, 0, 0, 296, 0, 0, 0, 0, 0, 41, 60, 397
"c:\Desktop\plink\flutter 11\lib\services\video_preload_service.dart", "Dart", 0, 0, 0, 0, 0, 0, 0, 0, 95, 0, 0, 0, 0, 0, 15, 18, 128
"c:\Desktop\plink\flutter 11\lib\utils\api_error_handler.dart", "Dart", 0, 0, 0, 0, 0, 0, 0, 0, 59, 0, 0, 0, 0, 0, 0, 11, 70
"c:\Desktop\plink\flutter 11\lib\utils\app_optimizer.dart", "Dart", 0, 0, 0, 0, 0, 0, 0, 0, 184, 0, 0, 0, 0, 0, 26, 29, 239
"c:\Desktop\plink\flutter 11\lib\utils\firestore_error_handler.dart", "Dart", 0, 0, 0, 0, 0, 0, 0, 0, 134, 0, 0, 0, 0, 0, 0, 15, 149
"c:\Desktop\plink\flutter 11\lib\utils\keyboard_helper.dart", "Dart", 0, 0, 0, 0, 0, 0, 0, 0, 154, 0, 0, 0, 0, 0, 4, 15, 173
"c:\Desktop\plink\flutter 11\lib\utils\memory_manager.dart", "Dart", 0, 0, 0, 0, 0, 0, 0, 0, 47, 0, 0, 0, 0, 0, 12, 13, 72
"c:\Desktop\plink\flutter 11\lib\utils\network_utils.dart", "Dart", 0, 0, 0, 0, 0, 0, 0, 0, 35, 0, 0, 0, 0, 0, 0, 5, 40
"c:\Desktop\plink\flutter 11\lib\utils\performance_monitor.dart", "Dart", 0, 0, 0, 0, 0, 0, 0, 0, 191, 0, 0, 0, 0, 0, 13, 34, 238
"c:\Desktop\plink\flutter 11\lib\utils\photo_url_helper.dart", "Dart", 0, 0, 0, 0, 0, 0, 0, 0, 89, 0, 0, 0, 0, 0, 32, 25, 146
"c:\Desktop\plink\flutter 11\lib\utils\post_validator.dart", "Dart", 0, 0, 0, 0, 0, 0, 0, 0, 231, 0, 0, 0, 0, 0, 32, 50, 313
"c:\Desktop\plink\flutter 11\lib\web_platform_fix.dart", "Dart", 0, 0, 0, 0, 0, 0, 0, 0, 2, 0, 0, 0, 0, 0, 3, 2, 7
"c:\Desktop\plink\flutter 11\lib\widgets\account_badges.dart", "Dart", 0, 0, 0, 0, 0, 0, 0, 0, 474, 0, 0, 0, 0, 0, 13, 34, 521
"c:\Desktop\plink\flutter 11\lib\widgets\animated_gradient_background.dart", "Dart", 0, 0, 0, 0, 0, 0, 0, 0, 62, 0, 0, 0, 0, 0, 0, 10, 72
"c:\Desktop\plink\flutter 11\lib\widgets\audio_visualizer.dart", "Dart", 0, 0, 0, 0, 0, 0, 0, 0, 106, 0, 0, 0, 0, 0, 2, 16, 124
"c:\Desktop\plink\flutter 11\lib\widgets\aurora_background.dart", "Dart", 0, 0, 0, 0, 0, 0, 0, 0, 218, 0, 0, 0, 0, 0, 17, 34, 269
"c:\Desktop\plink\flutter 11\lib\widgets\business\business_card.dart", "Dart", 0, 0, 0, 0, 0, 0, 0, 0, 690, 0, 0, 0, 0, 0, 23, 38, 751
"c:\Desktop\plink\flutter 11\lib\widgets\conversational_clarification_dialog.dart", "Dart", 0, 0, 0, 0, 0, 0, 0, 0, 359, 0, 0, 0, 0, 0, 8, 16, 383
"c:\Desktop\plink\flutter 11\lib\widgets\edit_profile_bottom_sheet.dart", "Dart", 0, 0, 0, 0, 0, 0, 0, 0, 954, 0, 0, 0, 0, 0, 33, 65, 1052
"c:\Desktop\plink\flutter 11\lib\widgets\edit_profile_bottom_sheet_backup.dart", "Dart", 0, 0, 0, 0, 0, 0, 0, 0, 530, 0, 0, 0, 0, 0, 19, 36, 585
"c:\Desktop\plink\flutter 11\lib\widgets\edit_profile_bottom_sheet_new.dart", "Dart", 0, 0, 0, 0, 0, 0, 0, 0, 928, 0, 0, 0, 0, 0, 27, 66, 1021
"c:\Desktop\plink\flutter 11\lib\widgets\floating_particles.dart", "Dart", 0, 0, 0, 0, 0, 0, 0, 0, 108, 0, 0, 0, 0, 0, 4, 22, 134
"c:\Desktop\plink\flutter 11\lib\widgets\glassmorphic_container.dart", "Dart", 0, 0, 0, 0, 0, 0, 0, 0, 283, 0, 0, 0, 0, 0, 0, 20, 303
"c:\Desktop\plink\flutter 11\lib\widgets\liquid_wave_orb.dart", "Dart", 0, 0, 0, 0, 0, 0, 0, 0, 199, 0, 0, 0, 0, 0, 20, 43, 262
"c:\Desktop\plink\flutter 11\lib\widgets\match_card_with_actions.dart", "Dart", 0, 0, 0, 0, 0, 0, 0, 0, 270, 0, 0, 0, 0, 0, 18, 28, 316
"c:\Desktop\plink\flutter 11\lib\widgets\offline_indicator.dart", "Dart", 0, 0, 0, 0, 0, 0, 0, 0, 197, 0, 0, 0, 0, 0, 4, 18, 219
"c:\Desktop\plink\flutter 11\lib\widgets\optimized_conversation_list.dart", "Dart", 0, 0, 0, 0, 0, 0, 0, 0, 491, 0, 0, 0, 0, 0, 13, 58, 562
"c:\Desktop\plink\flutter 11\lib\widgets\performance_overlay_widget.dart", "Dart", 0, 0, 0, 0, 0, 0, 0, 0, 245, 0, 0, 0, 0, 0, 2, 41, 288
"c:\Desktop\plink\flutter 11\lib\widgets\persistent_keyboard_wrapper.dart", "Dart", 0, 0, 0, 0, 0, 0, 0, 0, 64, 0, 0, 0, 0, 0, 2, 8, 74
"c:\Desktop\plink\flutter 11\lib\widgets\professional\add_portfolio_sheet.dart", "Dart", 0, 0, 0, 0, 0, 0, 0, 0, 925, 0, 0, 0, 0, 0, 23, 57, 1005
"c:\Desktop\plink\flutter 11\lib\widgets\professional\add_service_sheet.dart", "Dart", 0, 0, 0, 0, 0, 0, 0, 0, 878, 0, 0, 0, 0, 0, 21, 52, 951
"c:\Desktop\plink\flutter 11\lib\widgets\professional\portfolio_card.dart", "Dart", 0, 0, 0, 0, 0, 0, 0, 0, 599, 0, 0, 0, 0, 0, 16, 26, 641
"c:\Desktop\plink\flutter 11\lib\widgets\professional\send_inquiry_sheet.dart", "Dart", 0, 0, 0, 0, 0, 0, 0, 0, 440, 0, 0, 0, 0, 0, 10, 30, 480
"c:\Desktop\plink\flutter 11\lib\widgets\professional\service_card.dart", "Dart", 0, 0, 0, 0, 0, 0, 0, 0, 480, 0, 0, 0, 0, 0, 17, 26, 523
"c:\Desktop\plink\flutter 11\lib\widgets\professional\write_review_sheet.dart", "Dart", 0, 0, 0, 0, 0, 0, 0, 0, 451, 0, 0, 0, 0, 0, 11, 32, 494
"c:\Desktop\plink\flutter 11\lib\widgets\profile_detail_bottom_sheet.dart", "Dart", 0, 0, 0, 0, 0, 0, 0, 0, 829, 0, 0, 0, 0, 0, 37, 50, 916
"c:\Desktop\plink\flutter 11\lib\widgets\safe_circle_avatar.dart", "Dart", 0, 0, 0, 0, 0, 0, 0, 0, 95, 0, 0, 0, 0, 0, 6, 8, 109
"c:\Desktop\plink\flutter 11\lib\widgets\shimmer_effect.dart", "Dart", 0, 0, 0, 0, 0, 0, 0, 0, 58, 0, 0, 0, 0, 0, 0, 10, 68
"c:\Desktop\plink\flutter 11\lib\widgets\simple_voice_orb.dart", "Dart", 0, 0, 0, 0, 0, 0, 0, 0, 135, 0, 0, 0, 0, 0, 1, 13, 149
"c:\Desktop\plink\flutter 11\lib\widgets\user_avatar.dart", "Dart", 0, 0, 0, 0, 0, 0, 0, 0, 91, 0, 0, 0, 0, 0, 4, 6, 101
"c:\Desktop\plink\flutter 11\lib\widgets\voice_orb.dart", "Dart", 0, 0, 0, 0, 0, 0, 0, 0, 243, 0, 0, 0, 0, 0, 6, 24, 273
"c:\Desktop\plink\flutter 11\linux\CMakeLists.txt", "CMake", 0, 0, 0, 0, 0, 104, 0, 0, 0, 0, 0, 0, 0, 0, 0, 25, 129
"c:\Desktop\plink\flutter 11\linux\flutter\CMakeLists.txt", "CMake", 0, 0, 0, 0, 0, 79, 0, 0, 0, 0, 0, 0, 0, 0, 0, 10, 89
"c:\Desktop\plink\flutter 11\linux\flutter\generated_plugin_registrant.cc", "C++", 0, 0, 0, 0, 0, 0, 19, 0, 0, 0, 0, 0, 0, 0, 4, 5, 28
"c:\Desktop\plink\flutter 11\linux\flutter\generated_plugin_registrant.h", "C++", 0, 0, 0, 0, 0, 0, 5, 0, 0, 0, 0, 0, 0, 0, 5, 6, 16
"c:\Desktop\plink\flutter 11\linux\flutter\generated_plugins.cmake", "CMake", 0, 0, 0, 0, 0, 22, 0, 0, 0, 0, 0, 0, 0, 0, 0, 6, 28
"c:\Desktop\plink\flutter 11\linux\runner\CMakeLists.txt", "CMake", 0, 0, 0, 0, 0, 21, 0, 0, 0, 0, 0, 0, 0, 0, 0, 6, 27
"c:\Desktop\plink\flutter 11\linux\runner\main.cc", "C++", 0, 0, 0, 0, 0, 0, 5, 0, 0, 0, 0, 0, 0, 0, 0, 2, 7
"c:\Desktop\plink\flutter 11\linux\runner\my_application.cc", "C++", 0, 0, 0, 0, 0, 0, 83, 0, 0, 0, 0, 0, 0, 0, 21, 27, 131
"c:\Desktop\plink\flutter 11\linux\runner\my_application.h", "C++", 0, 0, 0, 0, 0, 0, 7, 0, 0, 0, 0, 0, 0, 0, 7, 5, 19
"c:\Desktop\plink\flutter 11\macos\Flutter\GeneratedPluginRegistrant.swift", "Swift", 0, 0, 0, 0, 0, 0, 0, 0, 0, 0, 0, 56, 0, 0, 3, 4, 63
"c:\Desktop\plink\flutter 11\macos\RunnerTests\RunnerTests.swift", "Swift", 0, 0, 0, 0, 0, 0, 0, 0, 0, 0, 0, 7, 0, 0, 2, 4, 13
"c:\Desktop\plink\flutter 11\macos\Runner\AppDelegate.swift", "Swift", 0, 0, 0, 0, 0, 0, 0, 0, 0, 0, 0, 11, 0, 0, 0, 3, 14
"c:\Desktop\plink\flutter 11\macos\Runner\Assets.xcassets\AppIcon.appiconset\Contents.json", "JSON", 68, 0, 0, 0, 0, 0, 0, 0, 0, 0, 0, 0, 0, 0, 0, 1, 69
"c:\Desktop\plink\flutter 11\macos\Runner\Base.lproj\MainMenu.xib", "XML", 0, 0, 0, 0, 0, 0, 0, 0, 0, 0, 0, 0, 343, 0, 0, 1, 344
"c:\Desktop\plink\flutter 11\macos\Runner\MainFlutterWindow.swift", "Swift", 0, 0, 0, 0, 0, 0, 0, 0, 0, 0, 0, 12, 0, 0, 0, 4, 16
"c:\Desktop\plink\flutter 11\project_memory\PROJECT_MEMORY.md", "Markdown", 0, 120, 0, 0, 0, 0, 0, 0, 0, 0, 0, 0, 0, 0, 0, 32, 152
"c:\Desktop\plink\flutter 11\project_memory\README.md", "Markdown", 0, 66, 0, 0, 0, 0, 0, 0, 0, 0, 0, 0, 0, 0, 0, 19, 85
"c:\Desktop\plink\flutter 11\pubspec.yaml", "YAML", 0, 0, 0, 75, 0, 0, 0, 0, 0, 0, 0, 0, 0, 0, 62, 26, 163
"c:\Desktop\plink\flutter 11\scripts\performance_test.bat", "Batch", 0, 0, 0, 0, 0, 0, 0, 0, 0, 49, 0, 0, 0, 0, 0, 6, 55
"c:\Desktop\plink\flutter 11\scripts\performance_test.sh", "Shell Script", 0, 0, 0, 0, 51, 0, 0, 0, 0, 0, 0, 0, 0, 0, 8, 9, 68
"c:\Desktop\plink\flutter 11\scripts\update_version.bat", "Batch", 0, 0, 0, 0, 0, 0, 0, 0, 0, 49, 0, 0, 0, 0, 9, 13, 71
"c:\Desktop\plink\flutter 11\scripts\update_version.sh", "Shell Script", 0, 0, 0, 0, 52, 0, 0, 0, 0, 0, 0, 0, 0, 0, 10, 11, 73
"c:\Desktop\plink\flutter 11\test\performance\scroll_performance_test.dart", "Dart", 0, 0, 0, 0, 0, 0, 0, 0, 74, 0, 0, 0, 0, 0, 12, 23, 109
"c:\Desktop\plink\flutter 11\test\test_helpers.dart", "Dart", 0, 0, 0, 0, 0, 0, 0, 0, 62, 0, 0, 0, 0, 0, 5, 10, 77
"c:\Desktop\plink\flutter 11\test\widget_test.dart", "Dart", 0, 0, 0, 0, 0, 0, 0, 0, 184, 0, 0, 0, 0, 0, 10, 20, 214
"c:\Desktop\plink\flutter 11\web\firebase-messaging-sw.js", "JavaScript", 0, 0, 0, 0, 0, 0, 0, 21, 0, 0, 0, 0, 0, 0, 3, 5, 29
"c:\Desktop\plink\flutter 11\web\index.html", "HTML", 0, 0, 0, 0, 0, 0, 0, 0, 0, 0, 37, 0, 0, 0, 18, 11, 66
"c:\Desktop\plink\flutter 11\web\manifest.json", "JSON", 35, 0, 0, 0, 0, 0, 0, 0, 0, 0, 0, 0, 0, 0, 0, 1, 36
"c:\Desktop\plink\flutter 11\windows\CMakeLists.txt", "CMake", 0, 0, 0, 0, 0, 89, 0, 0, 0, 0, 0, 0, 0, 0, 0, 20, 109
"c:\Desktop\plink\flutter 11\windows\flutter\CMakeLists.txt", "CMake", 0, 0, 0, 0, 0, 98, 0, 0, 0, 0, 0, 0, 0, 0, 0, 12, 110
"c:\Desktop\plink\flutter 11\windows\flutter\generated_plugin_registrant.cc", "C++", 0, 0, 0, 0, 0, 0, 42, 0, 0, 0, 0, 0, 0, 0, 4, 5, 51
"c:\Desktop\plink\flutter 11\windows\flutter\generated_plugin_registrant.h", "C++", 0, 0, 0, 0, 0, 0, 5, 0, 0, 0, 0, 0, 0, 0, 5, 6, 16
"c:\Desktop\plink\flutter 11\windows\flutter\generated_plugins.cmake", "CMake", 0, 0, 0, 0, 0, 31, 0, 0, 0, 0, 0, 0, 0, 0, 0, 6, 37
"c:\Desktop\plink\flutter 11\windows\runner\CMakeLists.txt", "CMake", 0, 0, 0, 0, 0, 34, 0, 0, 0, 0, 0, 0, 0, 0, 0, 7, 41
"c:\Desktop\plink\flutter 11\windows\runner\flutter_window.cpp", "C++", 0, 0, 0, 0, 0, 0, 49, 0, 0, 0, 0, 0, 0, 0, 7, 16, 72
"c:\Desktop\plink\flutter 11\windows\runner\flutter_window.h", "C++", 0, 0, 0, 0, 0, 0, 20, 0, 0, 0, 0, 0, 0, 0, 5, 9, 34
"c:\Desktop\plink\flutter 11\windows\runner\main.cpp", "C++", 0, 0, 0, 0, 0, 0, 30, 0, 0, 0, 0, 0, 0, 0, 4, 10, 44
"c:\Desktop\plink\flutter 11\windows\runner\resource.h", "C++", 0, 0, 0, 0, 0, 0, 9, 0, 0, 0, 0, 0, 0, 0, 6, 2, 17
"c:\Desktop\plink\flutter 11\windows\runner\utils.cpp", "C++", 0, 0, 0, 0, 0, 0, 54, 0, 0, 0, 0, 0, 0, 0, 2, 10, 66
"c:\Desktop\plink\flutter 11\windows\runner\utils.h", "C++", 0, 0, 0, 0, 0, 0, 8, 0, 0, 0, 0, 0, 0, 0, 6, 6, 20
"c:\Desktop\plink\flutter 11\windows\runner\win32_window.cpp", "C++", 0, 0, 0, 0, 0, 0, 210, 0, 0, 0, 0, 0, 0, 0, 24, 55, 289
"c:\Desktop\plink\flutter 11\windows\runner\win32_window.h", "C++", 0, 0, 0, 0, 0, 0, 48, 0, 0, 0, 0, 0, 0, 0, 31, 24, 103
"Total", "-", 715, 8026, 18, 81, 113, 478, 595, 21, 76607, 98, 585, 105, 517, 12, 4355, 9579, 101905